1,BUTTER,MANTECA
2,BUTTER OIL,ACEITE DE MANTEQUILLA
3,CHEESE,QUESO
4,CHEESE FD,QUESO FD
5,CHEESE SPRD,QUESO ESPEJO
6,CREAM,CREMA
7,No Category,Ninguna Categoria
8,SOUR DRSNG,BEBIDA AGRIA
9,MILK,LECHE
10,CREAM SUB,SUB CON CREMA
11,CREAM SUBSTITUTE,SUSTITUTO DE CREMA
12,DESSERT TOPPING,COBERTURA DE POSTRE
13,SOUR CRM,SOURCRM
14,MILK SUBSTITUTES,SUSTITUTOS DE LA LECHE
15,MILK SHAKES,BATIDOS DE LECHE
16,WHEY,SUERO
17,YOGURT,YOGUR
18,EGG,HUEVO
19,EGG SUBSTITUTE,SUSTITUTO DE HUEVO
20,CHEESE SUB,SUB QUESO
21,CHEESE SAU,QUESO SAU
22,SOUR CREAM,CCREA AGRIA
23,USDA COMMODITY,PRODUCTO DEL USDA
24,PARMESAN CHS TOPPING,COBERTURA CHS DE PARMESANO
25,EGG MIX,MEZCLA DE HUEVO
26,ALLSPICE,PIMIENTA DE JAMAICA
27,SPICES,ESPECIAS
28,CHERVIL,PERIFOLLO
29,CINNAMON,CANELA
30,CLOVES,CLAVOS DE OLOR
31,CORIANDER LEAF,HOJA DE CILANTRO
32,DILL WEED,ENELDO
33,GINGER,JENGIBRE
34,MACE,MAZO
35,MARJORAM,MEJORANA
36,MUSTARD SEED,SEMILLA DE MOSTAZA
37,NUTMEG,NUEZ MOSCADA
38,PARSLEY,PEREJIL
39,PEPPER,PIMIENTA
40,ROSEMARY,ROMERO
41,SAGE,SABIO
42,SAVORY,SABROSO
43,TURMERIC,CÚRCUMA
44,BASIL,ALBAHACA
45,MUSTARD,MOSTAZA
46,SALT,SAL
47,VINEGAR,VINAGRE
48,THYME,TOMILLO
49,VANILLA EXTRACT,EXTRACTO DE VAINILLA
50,CAPERS,ALCAPARRAS
51,HORSERADISH,RÁBANO PICANTE
52,PEPPERMINT,MENTA
53,SPEARMINT,MENTA VERDE
54,CAMPBELL SOUP CO,SOPA CAMPBELL CO
55,BABYFOOD,COMIDA PARA BEBÉ
56,Babyfood,Comida para bebé
57,INF FORMULA,FÓRMULA INF
58,INFANT FORMULA,FORMULA INFANTIL
59,INF FORM,FORMULARIO INF
60,INF FORMMEAD JOHN,INF FORMMEAD JOHN
61,CHILD FORMULA,FÓRMULA INFANTIL
62,INF FOR,INF PARA
63,INF FO,INF FO
64,INF FORMU,FORMA INF
65,Infa for,Infa para
66,INF FOR NUTR,INF PARA NUTR
67,FAT,GRASA
68,SALAD DRSNG,ENSALADA
69,SANDWICH SPRD,SÁNDWICH SPRD
70,SHORTENING,ACORTAMIENTO
71,OIL,ACEITE
72,VEGETABLE OIL,ACEITE VEGETAL
73,MARGARINE,MARGARINA
74,MARGARINE-LIKE SPRD,SPRD TIPO MARGARINA
75,SHORTENING BREAD,MANTECA DE PAN
76,SHORTENING FRYING (REG),FREIDO DE MANTECA (REG)
77,SHORTENING CAKE MIX,MEZCLA PARA TORTA DE MANTECA
78,SHORTENING INDUSTRIAL,MANTECA INDUSTRIAL
79,SHORTENING FRYING (HVY DUTY),FREIDO DE MANTECA (HVY DUTY)
80,SHORTENING CONFECTIONERY,CONFITERÍA DE MANTECA
81,SHORTENING FRYING HVY DUTY,MANTECA PARA FREÍR SERVICIO ALTO
82,MARGARINE-BUTTER BLEND,MEZCLA DE MARGARINA Y MANTEQUILLA
83,FISH OIL,ACEITE DE PESCADO
84,VEGETABLE OIL-BUTTER SPRD,ACEITE VEGETAL-MANTEQUILLA SPRD
85,MEAT DRIPPINGS (LARD,GRASAS DE CARNE (MANTECA
86,ANIMAL FAT,GRASA ANIMAL
87,MARGARINE SPRD,MARGARINA SPRD
88,MARGARINE-LIKE SHORTENING,MANTECA TIPO MARGARINA
89,USDA CMDTY FD,USDA CMDTY FD
90,CHICKEN,POLLO
91,DUCK,PATO
92,GOOSE,GANSO
93,GUINEA HEN,GALLINA DE GUINEA
94,PHEASANT,FAISÁN
95,QUAIL,CODORNIZ
96,SQUAB,PICHÓN
97,TURKEY,TURQUÍA
98,PATE DE FOIE GRAS,PATÉ DE FOIE GRAS
99,TURKEY AND GRAVY,PAVO Y SALSA
100,TURKEY PATTIES,EMPANADAS DE PAVO
101,TURKEY BREAST,PECHUGA DE PAVO
102,TURKEY THIGH,MUSLO DE PAVO
103,TURKEY RST,TURQUÍA PRIMERA
104,TURKEY STKS,STKS DE TURQUÍA
105,POULTRY,AVES DE CORRAL
106,POULTRY FD PRODUCTS,PRODUCTOS AVÍCOLAS FD
107,CHICKEN NUGGETS,NUGGETS DE POLLO
108,CHICKEN PATTY,EMPANADA DE POLLO
109,CHICKEN BREAST TENDERS,TIERNAS DE PECHUGA DE POLLO
110,CHICK,POLLUELO
111,USDA CMDTY CHICK,CHICA CMDTY DEL USDA
112,USDA CMDTY,CMDTY del USDA
113,EMU,EMÚ
114,OSTRICH,AVESTRUZ
115,SOUP,SOPA
116,CAMPBELL,CAMPBELL
117,CAMPBELL SOUP,SOPA CAMPBELL
118,CAMPBELL SOUP COMPANY,EMPRESA SOPA CAMPBELL
119,CAMPBELL COMPANY,EMPRESA CAMPBELL
120,CAMPBELL'S RED & WHITE,ROJO Y BLANCO DE CAMPBELL
121,SAUCE,SALSA
122,GRAVY,SALSA
123,SPLIT PEA SOUP,SOPA DE GUISANTES
124,SPLIT PEA W/ HAM SOUP,SOPA DE GUISANTES CON JAMÓN
125,CAMPBELL'S RED&WHITE,ROJO Y BLANCO DE CAMPBELL
126,CAMPBEL COMPANY,EMPRESA CAMPBEL
127,CAMPBELL'S CHUNKY MICROWAVABLE BWLS,BWLS CHUNKY PARA MICROONDAS DE CAMPBELL'S
128,CAMPBELL SOUP COMP,COMPLETO DE SOPA CAMPBELL
129,COMPANY,EMPRESA
130,SOUP COMPANY,EMPRESA DE SOPA
131,CAMPBELL'S CHUNKY SOUPS,SOPAS CON CHUNKY DE CAMPBELL
132,CAMPBELL'S CHNKY SOUPS,SOPAS CHNKY DE CAMPBELL
133,CAMPBELL'S RED & WHITE - MCRWVEABLE BOWLS,CAMPBELL'S ROJO Y BLANCO - CUENCOS MCRWVEABLE
134,CAMPBELL'S RED & WHITE - MICROWAVEABLE BOWLS,CAMPBELL'S RED & WHITE - CUENCOS PARA MICROONDAS
135,CAMPBELL'S SEL GOLD LABEL SOUPS,SOPAS SEL GOLD LABEL DE CAMPBELL'S
136,CAMPBELL'S SEL MCRWVABLE BOWLS,CUENCOS MCRWVABLES SEL DE CAMPBELL
137,CAMPBELL'S SEL MCRWVABLE BWLS,CAMPBELL'S SEL MCRWVABLE BWLS
138,CAMPBELL'S SEL MICROWAVEABLE BOWLS,CUENCOS PARA MICROONDAS SEL DE CAMPBELL
139,CAMPBELL'S SEL SOUP,SOPA SEL DE CAMPBELL
140,CAMPBELL'S SOUP AT HAND,LA SOPA CAMPBELL A LA MANO
141,POTATO SOUP,SOPA DE PAPAS
142,Soup,Sopa
143,GRY,GRIS
144,BARBECUE LOAF,PAN BARBACOA
145,BEERWURST,WURST DE CERVEZA
146,BOLOGNA,BOLONIA
147,BRATWURST,BRAWURST
148,BRAUNSCHWEIGER (A LIVER SAUSAGE),BRAUNSCHWEIGER (UNA SALCHICHA DE HÍGADO)
149,BROTWURST,BROTWURST
150,CHEESEFURTER,CUARTO DE QUESO
151,CHORIZO,CHORIZO
152,CORNED BEEF LOAF,PAN DE CARNE EN LATA
153,DUTCH BRAND LOAF,PAN DE MARCA HOLANDESA
154,FRANKFURTER,SALCHICHA
155,HAM,JAMÓN
156,HEADCHEESE,QUESO DE CERDO
157,SAUSAGE,EMBUTIDO
158,KIELBASA,KIELBASA
159,LIVER CHEESE,QUESO DE HÍGADO
160,LIVER SAUSAGE,SALCHICHA DE HÍGADO
161,LUNCHEON MEAT,CARNE EN LATA
162,MORTADELLA,MORTADELA
163,OLIVE LOAF,PAN DE ACEITUNAS
164,PASTRAMI,PASTRAMI
165,PATE,CORONILLA
166,PEPPERONI,PEPPERONI
167,PICKLE&PIMIENTO LOAF,PAN DE PICKLE&PIMIENTO
168,POLISH SAUSAGE,SALCHICHA POLACA
169,LUXURY LOAF,PAN DE LUJO
170,MOTHER'S LOAF,PAN DE MADRE
171,PICNIC LOAF,PAN DE PICNIC
172,PORK SAUSAGE,SALSA DE PUERCO
173,PORK&BF SAUSAGE,SALCHICHA DE CERDO Y BF
174,TURKEY SAUSAGE,SALCHICHA DE PAVO
175,SALAMI,SALAMI
176,SANDWICH SPREAD,SÁNDWICH PARA UNTAR
177,SMOKED LINK SAUSAGE,SALCHICHA AHUMADA
178,THURINGER,TURINGER
179,TURKEY HAM,JAMÓN DE PAVO
180,TURKEY ROLL,ROLLO DE PAVO
181,HONEY ROLL SAUSAGE,SALCHICHA DE ROLLO DE MIEL
182,LUNCHEON SAUSAGE,SALCHICHA DE ALMUERZO
183,NEW ENGLAND BRAND SAUSAGE,SALCHICHA MARCA NUEVA INGLATERRA
184,OSCAR MAYER,Óscar Mayer
185,LOUIS RICH,LOUIS RICO
186,BUTCHER BOY MEATS,CHICO CARNICERO CARNES
187,CARL BUDDIG,CARL BUDDIG
188,CARL BUDDIG. CKD SMOKED BF PASTRAMI,CARL BUDDIG. PASTRAMI BF AHUMADO CKD
189,HORMEL SPAM,SPAM DE HORMEL
190,YACHTWURST,YACHTWURST
191,SCRAPPLE,DESCARTE
192,BEEF SAUSAGE,SALCHICHA DE TERNERA
193,PORK & TURKEY SAUSAGE,SALCHICHA DE CERDO Y PAVO
194,CEREALS RTE,RTE DE CEREALES
195,CEREALS,CEREALES
196,CEREALS READY TO EAT,CEREALES LISTOS PARA COMER
197,CERLS,CERLES
198,CLS,CLS
199,CRLS,CRLS
200,CEREAL WAFER STRAWS,PAJAS DE OBLEA DE CEREALES
201,ACEROLA,ACEROLA
202,ACEROLA JUICE,JUGO DE ACEROLA
203,APPLES,MANZANAS
204,APPLE JUC,JUGO DE MANZANA
205,APPLESAUCE,COBA
206,APRICOTS,ALBARICOQUES
207,APRICOT NECTAR,NÉCTAR DE ALBARICOQUE
208,AVOCADOS,AGUACATES
209,BANANAS,PLÁTANOS
210,BLACKBERRIES,MORAS
211,BLACKBERRY JUC,JUGO DE MORA
212,BLUEBERRIES,ARÁNDANOS
213,BOYSENBERRIES,BOYSENBERRIES
214,BREADFRUIT,PANAPEN
215,CARAMBOLA,CARAMBOLA
216,CARISSA,CARISSA
217,CHERIMOYA,CHIREMIOYA
218,CHERRIES,CEREZAS
219,CRABAPPLES,MANZANAS SILVESTRES
220,CRANBERRIES,ARÁNDANOS
221,CRANBERRY SAU,SAU DE ARÁNDANO
222,CRANBERRY-ORANGE RELISH,CONDIMENTO DE ARÁNDANO Y NARANJA
223,CURRANTS,GROSELLAS
224,CUSTARD-APPLE,Chirimoya
225,DATES,FECHAS
226,ELDERBERRIES,BAYAS DE SAÚCO
227,FIGS,HIGOS
228,FRUIT COCKTAIL,CÓCTEL DE FRUTAS
229,FRUIT SALAD,ENSALADA DE FRUTAS
230,GOOSEBERRIES,grosellas
231,GRAPEFRUIT,TORONJA
232,GRAPEFRUIT JUC,JUGO DE TORONJA
233,GRAPE JUC,JUGO DE UVA
234,GRAPES,UVAS
235,GRAPE JUC COCKTAIL,CÓCTEL JUGO DE UVA
236,GROUNDCHERRIES,CEREZAS MOLIDAS
237,GUAVAS,GUAYABAS
238,GUAVA SAUCE,SALSA DE GUAYABA
239,JACKFRUIT,JACA
240,JAVA-PLUM,JAVA-CIRUELA
241,JUJUBE,PASTILLA
242,KIWI FRUIT,FRUTA DE KIWI
243,KUMQUATS,KUMQUATS
244,LEMONS,LIMONES
245,LEMON JUICE,JUGO DE LIMON
246,LEMON JUC,JUGO DE LIMÓN
247,LEMON PEEL,CÁSCARA DE LIMÓN
248,LIMES,LIMAS
249,LIME JUICE,JUGO DE LIMA
250,LIME JUC,JUGO DE LIMA
251,LITCHIS,LITCHIS
252,LOGANBERRIES,BAYAS DE LOGAN
253,LONGANS,LONGANS
254,LOQUATS,Nísperos
255,MAMMY-APPLE,MAMMY-MANZANA
256,MANGOS,MANGOS
257,MANGOSTEEN,MANGOSTÁN
258,MELONS,MELONES
259,MELON BALLS,BOLAS DE MELÓN
260,FRUIT,FRUTA
261,MULBERRIES,MORAS
262,NECTARINES,NECTARINAS
263,OHELOBERRIES,OHELOBAYAS
264,OLIVES,OLIVOS
265,ORANGES,NARANJAS
266,ORANGE JUICE,ZUMO DE NARANJA
267,ORANGE JUC,JUGO DE NARANJA
268,ORANGE PEEL,PIEL DE NARANJA
269,ORANGE-GRAPEFRUIT JUC,JUGO DE NARANJA-PORONJA
270,TANGERINES,MANDARINAS
271,TANGERINE JUICE,ZUMO DE MANDARINAS
272,TANGERINE JUC,JUGO DE MANDARINA
273,PAPAYAS,PAPAYAS
274,PAPAYA NECTAR,NÉCTAR DE PAPAYA
275,PASSION-FRUIT,MARACUYÁ
276,PASSION-FRUIT JUC,JUGO DE FRUTA DE LA PASIÓN
277,PEACHES,DURAZNOS
278,PEACH NECTAR,NECTAR DE MELOCOTÓN
279,PEARS,PERAS
280,PEAR NECTAR,NECTAR DE PERA
281,PERSIMMONS,CAQUIS
282,PINEAPPLE,PIÑA
283,PINEAPPLE JUC,JUGO DE PIÑA
284,PITANGA,PITANGA
285,PLANTAINS,PLÁTANOS
286,PLUMS,CIRUELA
287,POMEGRANATES,GRANADAS
288,PRICKLY PEARS,TUNAS
289,PRUNES,ciruelas pasas
290,PRUNE JUICE,JUGO DE CIRUELA
291,PUMMELO,PUMMELO
292,QUINCES,MEMBRILLOS
293,RAISINS,PASAS
294,RAMBUTAN,RAMBUTAN
295,RASPBERRIES,FRAMBUESAS
296,RHUBARB,RUIBARBO
297,ROSELLE,ROSELLA
298,ROSE-APPLES,ROSA-MANZANAS
299,SAPODILLA,ZAPOTE
300,SAPOTES,zapotes
301,SOURSOP,GUANÁBANA
302,STRAWBERRIES,FRESAS
303,SUGAR-APPLES,MANZANAS DE AZÚCAR
304,TAMARINDS,TAMARINDOS
305,WATERMELON,SANDÍA
306,MARASCHINO CHERRIES,CEREZAS MARRASQUINO
307,FEIJOA,FEIJOA
308,GRAPEFRUIT JUICE,JUGO DE UVA
309,KIWIFRUIT,KIWI
310,DURIAN,DURIÁN
311,ABIYUCH,ABIYUCH
312,ROWAL,ROWAL
313,CLEMENTINES,CLEMENTAS
314,GUANABANA NECTAR,NÉCTAR DE GUANABANA
315,GUAVA NECTAR,NÉCTAR DE GUAYABA
316,MANGO NECTAR,NÉCTAR DE MANGO
317,TAMARIND NECTAR,NÉCTAR DE TAMARINDO
318,USDA CMDTY PEACHES,DURAZNOS CMDTY USDA
319,USDA CMDTY PEARS,PERAS CMDTY USDA
320,POMEGRANATE JUC,JUGO DE GRANADA
321,JUICE,JUGO
322,PORK,CERDO
323,HORMEL,HORMEL
324,HORMEL ALWAYS TENDER,HORMEL SIEMPRE TIERNO
325,PRK,PRK
326,ALFALFA SEEDS,SEMILLAS DE ALFALFA
327,AMARANTH LEAVES,HOJAS DE AMARANTO
328,ARROWHEAD,PUNTA DE FLECHA
329,ARTICHOKES,ALCACHOFAS
330,ASPARAGUS,ESPÁRRAGOS
331,BALSAM-PEAR (BITTER GOURD),BÁLSAMO-PERA (CALABAZA AMARGA)
332,BAMBOO SHOOTS,BROTES DE BAMBÚ
333,BEANS,FRIJOLES
334,LIMA BNS,BNS LIMA
335,MUNG BNS,MUN BNS
336,BEETS,REMOLACHAS
337,BEET GREENS,HOJAS DE REMOLACHA
338,BEET GRNS,GRANOS DE REMOLACHA
339,BROADBEANS,habas
340,BROCCOLI,BRÓCOLI
341,BROCCOLI RAAB,BRÓCOLI RAAB
342,BRUSSELS SPROUTS,COLES DE BRUSELAS
343,BURDOCK ROOT,RAÍZ DE BARDANA
344,BUTTERBUR,MANTEQUILLA
345,CABBAGE,REPOLLO
346,CARDOON,CARDÓN
347,CARROTS,ZANAHORIAS
348,CASSAVA,MANDIOCA
349,CAULIFLOWER,COLIFLOR
350,CELERIAC,CELERIACO
351,CELERY,APIO
352,CELTUCE,CELTUCE
353,CHARD,ACELGA
354,CHAYOTE,CHAYOTE
355,CHICORY,ACHICORIA
356,CHICORY GREENS,VERDURAS DE ACHICORIA
357,CHICORY ROOTS,RAÍCES DE ACHICORIA
358,CHIVES,CEBOLLÍN
359,CHRYSANTHEMUM,CRISANTEMO
360,COLESLAW,ENSALADA DE COL
361,COLLARDS,COLLARES
362,CORIANDER (CILANTRO) LEAVES,HOJAS DE CILANTRO
363,CORN,MAÍZ
364,CORN W/RED&GRN PEPPERS,MAÍZ CON PIMIENTOS ROJOS Y VERDES
365,CORNSALAD,ENSALADA DE MAÍZ
366,COWPEAS (BLACKEYES),Caupí (Ojos Negros)
367,COWPEAS,Caupí
368,YARDLONG BEAN,FRIJOL DE YARDA
369,CRESS,BERRO
370,CUCUMBER,PEPINO
371,DANDELION GREENS,DIENTES DE LEON
372,DANDELION GRNS,DIENTE DE LEÓN GRANDES
373,EGGPLANT,BERENJENA
374,EDAMAME,EDAMAME
375,ENDIVE,ENDIBIA
376,GARLIC,AJO
377,GINGER ROOT,RAÍZ DE JENGIBRE
378,GOURD,CALABAZA
379,HORSERADISH-TREE LEAFY TIPS,CONSEJOS DE HOJAS DE ÁRBOL DE RÁBANO PICANTE
380,HORSERADISH-TREE,Rábano picante
381,HYACINTH-BEANS,HABAS DE JACINTO
382,JERUSALEM-ARTICHOKES,ALCACHOFAS DE JERUSALEM
383,JEW'S EAR,OÍDO DE JUDÍO
384,PEPEAO,PEPEAO
385,JUTE,YUTE
386,KALE,COL RIZADA
387,KANPYO,KANPYO
388,KOHLRABI,COLINABO
389,MUSHROOMS,CHAMPIÑONES
390,LAMBSQUARTERS,CUARTOS DE CORDERO
391,LEEKS,puerros
392,LENTILS,LENTEJAS
393,LETTUCE,LECHUGA
394,LOTUS ROOT,RAÍZ DE LOTO
395,MOUNTAIN YAM,ÑAME DE MONTAÑA
396,MUSTARD GREENS,HOJAS DE MOSTAZA
397,MUSTARD GRNS,GRANOS MOSTAZA
398,MUSTARD SPINACH,ESPINACAS A LA MOSTAZA
399,NEW ZEALAND SPINACH,ESPINACAS DE NUEVA ZELANDA
400,OKRA,OKRA
401,ONIONS,CEBOLLAS
402,ONION RINGS,AROS DE CEBOLLA
403,PARSNIPS,chirivías
404,PEAS,GUISANTES
405,PEAS&CARROTS,GUISANTES Y ZANAHORIAS
406,PEAS&ONIONS,GUISANTES Y CEBOLLAS
407,PEPPERS,PIMIENTOS
408,PIGEONPEAS,GANDULOS
409,POKEBERRY SHOOTS,BROTES DE POKEBERRY
410,POTATO,PAPA
411,POTATOES,PATATAS
412,POTATO PUFFS,BOLITAS DE PATATA
413,POTATO SALAD,ENSALADA DE PAPAS
414,PUMPKIN FLOWERS,FLORES DE CALABAZA
415,PUMPKIN LEAVES,HOJAS DE CALABAZA
416,PUMPKIN,CALABAZA
417,PUMPKIN PIE MIX,MEZCLA DE TARTA DE CALABAZA
418,PURSLANE,VERDOLAGA
419,RADISHES,RÁBANOS
420,RUTABAGAS,RUTABAGAS
421,SALSIFY,SALSIFÍ
422,SAUERKRAUT,CHUCRUT
423,SEAWEED,ALGAS MARINAS
424,SESBANIA FLOWER,FLOR DE SESBANIA
425,SOYBEANS,SOYA
426,SPINACH,ESPINACA
427,SQUASH,CALABAZA
428,SUCCOTASH,SUCCOTASH
429,SWAMP CABBAGE,COL DE PANTANO
430,SWEET POTATO LEAVES,HOJAS DE CAMOTE
431,SWEET POTATO,BATATA
432,SWEETPOTATO,BATATA
433,TARO,TARÓ
434,TARO LEAVES,HOJAS DE TARÓ
435,TARO SHOOTS,BROTES DE TARO
436,TOMATOES,TOMATES
437,TOMATO JUC,JUGO DE TOMATE
438,TOMATO PRODUCTS,PRODUCTOS DE TOMATE
439,TREE FERN,HELECHO DE ARBOL
440,TURNIPS,NABOS
441,TURNIP GREENS,VERDURAS DE NABO
442,TURNIP GRNS,GRANOS DE NABO
443,TURNIP GRNS&TURNIPS,GRANOS DE NABO Y NABO
444,VEGETABLE JUC COCKTAIL,CÓCTEL JUGO DE VERDURAS
445,VEGETABLES,VERDURAS
446,VINESPINACH,ESPINACAS DE VIÑA
447,WATERCHESTNUTS,CASTAÑAS DE AGUA
448,WATERCRESS,BERRO
449,WAXGOURD,CALABAZA DE CERA
450,WINGED BNS,BNS ALADO
451,WINGED BEAN LEAVES,HOJAS DE FRIJOL ALADO
452,WINGED BEAN TUBER,TUBER DE FRIJOL ALADO
453,YAM,BATATA
454,YAMBEAN (JICAMA),YAMBE (JICAMA)
455,BORAGE,BORRAJA
456,DOCK,MUELLE
457,EPPAW,EPPAW
458,SHALLOTS,CHALOTES
459,CARROT JUICE,JUGO DE ZANAHORIA
460,CORN PUDD,PUDD DE MAÍZ
461,RADISH SEEDS,SEMILLAS DE RÁBANO
462,CARROT,ZANAHORIA
463,ARROWROOT,ARRURRUZ
464,CHRYSANTHEMUM LEAVES,HOJAS DE CRISANTEMO
465,LAMBS QUARTERS,CUARTOS DE CORDEROS
466,WINGED BEAN,FRIJOL ALADO
467,PICKLES,PEPINILLOS
468,PIMENTO,PIMIENTO MORRÓN
469,PICKLE RELISH,CONDIMENTO DE ENCURTIDOS
470,CATSUP,SALSA DE TOMATE
471,RADICCHIO,RADIQUIO
472,TOMATILLOS,TOMATILLOS
473,FENNEL,HINOJO
474,ARUGULA,RÚCULA
475,HEARTS OF PALM,CORAZONES DE PALMA
476,NOPALES,NOPALES
477,LEMON GRASS (CITRONELLA),HIERBA DE LIMÓN (CITRONELA)
478,GRAPE LEAVES,HOJAS DE UVA
479,EPAZOTE,EPAZOTE
480,FIREWEED,FUEGO
481,MALABAR SPINACH,ESPINACAS MALABAR
482,MUSHROOM,HONGO
483,FUNGI,HONGOS
484,WASABI,WASABI
485,YAUTIA (TANNIER),YAUTÍA (TANNIER)
486,FIDDLEHEAD FERNS,HELECHOS DE CABEZA DE VIOLÍN
487,BREADFRUIT SEEDS,SEMILLAS DE PAN
488,BREADNUTTREE SEEDS,SEMILLAS DE BUEN DE PAN
489,CHIA SEEDS,SEMILLAS DE CHIA
490,COTTONSEED FLR,FLR DE SEMILLAS DE ALGODÓN
491,COTTONSEED MEAL,HARINA DE SEMILLA DE ALGODÓN
492,LOTUS SEEDS,SEMILLAS DE LOTO
493,PUMPKIN&SQUASH SD KRNLS,KRNLS DE CALABAZA Y CALABAZA SD
494,SAFFLOWER SD KRNLS,KRNLS SD DE CÁRTAMO
495,SAFFLOWER SD MEAL,COMIDA SD DE CÁRTAMO
496,SESAME SEEDS,SEMILLAS DE SÉSAMO
497,SESAME SD KRNLS,SÉSAMO SD KRNLS
498,SESAME FLR,SÉSAMO FLR
499,SESAME FLOUR,HARINA DE SÉSAMO
500,SESAME MEAL,HARINA DE SÉSAMO
501,SUNFLOWER SD KRNLS,GIRASOL SD KRNLS
502,SUNFLOWER SD BUTTER,MANTEQUILLA SD DE GIRASOL
503,SUNFLOWER SD FLR,GIRASOL SD FLR
504,ACORNS,BELLOTAS
505,ACORN FLOUR,HARINA DE BELLOTA
506,ALMONDS,ALMENDRAS
507,BEECHNUTS,Hayucos
508,BRAZILNUTS,NUECES DE BRASIL
509,BUTTERNUTS,BUTTERNUES
510,CASHEW NUTS,ANACARDOS
511,NUTS,NUECES
512,CASHEW BUTTER,MANTEQUILLA DE ANACARDO
513,CHESTNUTS,CASTAÑAS
514,COCONUT MEAT,CARNE DE COCO
515,COCONUT CRM,COCO CRM
516,COCONUT MILK,LECHE DE COCO
517,HAZELNUTS OR FILBERTS,AVELLANAS O AVELLANAS
518,GINKGO NUTS,NUECES DE GINKGO
519,HICKORYNUTS,HICKORYNUTS
520,MACADAMIA NUTS,NUECES DE MACADAMIA
521,MIXED NUTS,NUECES MIXTAS
522,FORMULATED,FORMULADO
523,PECANS,NUECES PECANAS
524,PILINUTS-CANARYTREE,PILINUTS-CANARYTREE
525,PINE NUTS,PIÑONES
526,PISTACHIO NUTS,PISTACHOS
527,WALNUTS,NUECES
528,COTTONSEED KRNLS,KRNLS DE SEMILLA DE ALGODÓN
529,PUMPKIN&SQUASH SEEDS,SEMILLAS DE CALABAZA Y CALABAZA
530,SESAME BUTTER,MANTEQUILLA DE SÉSAMO
531,WATERMELON SD KRNLS,SANDIA SD KRNLS
532,SISYMBRIUM SP. SEEDS,SISYMBRIUM SP. SEMILLAS
533,ALMOND BUTTER,MANTEQUILLA DE ALMENDRAS
534,SEEDS,SEMILLAS
535,BEEF,CARNE DE RES
536,BF,BF
537,ALCOHOLIC BEV,VENTAJA ALCOHÓLICA
538,WHISKEY SOUR MIX,MEZCLA DE WHISKY SOUR
539,BEEF BROTH&TOMATO JUC,CALDO DE CARNE Y JUGO DE TOMATE
540,MIXED VEG & FRUIT JUC DRK,JUGO MIXTO DE VERDURAS Y FRUTAS
541,CARBONATED BEV,BEV CARBONADO
542,DRINK MIX,MEZCLA DE BEBIDA
543,TEA,TÉ
544,CARB BEV,VENTAJA DE CARBOHIDRATOS
545,ENGY DRK,ENGY DRK
546,ENG DRK,ING DRK
547,CAROB-FLAVOR BEV MIX,MEZCLA BEV SABOR ALGARROBA
548,CHOCOLATE-FLAVOR BEV MIX FOR MILK,MEZCLA BEV SABOR CHOCOLATE PARA LECHE
549,CHOCOLATE-FLAVOR BEV MIX,MEZCLA BEV SABOR CHOCOLATE
550,CHOCOLATE SYRUP,SIROPE DE CHOCOLATE
551,CLAM&TOMATO JUC,JUGO DE ALMEJA Y TOMATE
552,COCOA MIX,MEZCLA DE CACAO
553,COFFEE,CAFÉ
554,COFFEE&COCOA (MOCHA) PDR,CAFÉ Y CACAO (MOCHA) PDR
555,COFFEE SUB,CAFÉ SECUNDARIO
556,CRANBERRY-APPLE JUC DRK,DRK DE ARÁNDANO Y MANZANA
557,CRANBERRY-APRICOT JUC DRK,JUC DRK DE ARÁNDANO Y ALBARICOQUE
558,CRANBERRY-GRAPE JUC DRK,JUC DRK DE ARÁNDANO Y UVA
559,CRANBERRY JUC COCKTAIL,CÓCTEL DE JUGO DE ARÁNDANO
560,EGGNOG-FLAVOR MIX,MEZCLA DE SABOR A HUEVO
561,CITRUS FRUIT JUC DRK,JUGO DE CÍTRICOS DRK
562,FRUIT PUNCH DRK,DRK DE PONCHE DE FRUTAS
563,GRAPE DRINK,BEBIDA DE UVA
564,GRAPE JUICE DRINK,BEBIDA DE JUGO DE UVA
565,LEMONADE,LIMONADA
566,LEMONADE-FLAVOR DRK,DRK SABOR A LIMONADA
567,LIMEADE,LIMADA
568,MALTED DRK MIX,MEZCLA DE DRK MALTEADA
569,ORANGE DRK,DRK NARANJA
570,ORANGE&APRICOT JUC DRK,JUGO DE NARANJA Y ALBARICOQUE DRK
571,PINEAPPLE&GRAPEFRUIT JUC DRK,JUGO DE PIÑA Y TORONJA
572,PINEAPPLE&ORANGE JUC DRK,JUGO DE PIÑA Y NARANJA
573,SHAKE,SACUDIR
574,STRAWBERRY-FLAVOR BEV MIX,MEZCLA BEV SABOR FRESA
575,SPORTS DRK,DRK DEPORTIVO
576,WATER,AGUA
577,FRUIT PUNCH JUC DRK,PONCHE DE FRUTAS JUC DRK
578,ORANGE-FLAVOR DRK,DRK SABOR NARANJA
579,DAIRY DRK MIX,MEZCLA DE BEBIDA DE LÁCTEOS
580,ORANGE BRKFST DRK,DESAYUNO DE NARANJA DRK
581,QUAKER OATS,AVENA QUAKER
582,FRUIT PUNCH-FLAVOR DRK,DRK SABOR PONCHE DE FRUTAS
583,WINE,VINO
584,CHOC-FLV BEV MIX FOR MILK,MEZCLA CHOC-FLV BEV PARA LECHE
585,WATER W/ ADDED VITAMINS & MINERALS,AGUA CON VITAMINAS Y MINERALES AÑADIDOS
586,BREAKFAST TYPE DRK,DESAYUNO TIPO DRK
587,ANCHOVY,ANCHOA
588,BASS,BAJO
589,BLUEFISH,PEZ AZUL
590,BURBOT,LOTA
591,BUTTERFISH,PEZ MARIPOSA
592,CARP,CARPA
593,CATFISH,BAGRE
594,CAVIAR,CAVIAR
595,CISCO,CISCO
596,COD,BACALAO
597,CROAKER,corvina
598,CUSK,CUSK
599,DOLPHINFISH,PEZ DELFÍN
600,DRUM,TAMBOR
601,EEL,ANGUILA
602,FISH PORTIONS&STKS,PORCIONES Y PASTILLAS DE PESCADO
603,FLATFISH (FLOUNDER&SOLE SP),LENGUAJE (LENGUAJE Y LENGUADO SP)
604,GEFILTEFISH,PESCADO RELLENO
605,GROUPER,AGRUPADOR
606,HADDOCK,EGLEFINO
607,HALIBUT,HIPOGLOSO
608,HERRING,ARENQUE
609,LING,ABADEJO
610,LINGCOD,BACALAO
611,MACKEREL,CABALLA
612,MILKFISH,CHALONO
613,MONKFISH,RAPE
614,MULLET,MÓJOL
615,OCEAN PERCH,PERCA DEL OCÉANO
616,POUT,ABADEJO
617,PERCH,PERCA
618,PIKE,LUCIO
619,POLLOCK,APOLLO
620,POMPANO,PÁMPANO
621,ROCKFISH,ROCA
622,ROE,HUEVA
623,ROUGHY,ÁSPERO
624,SABLEFISH,SABLEFISH
625,SALMON,SALMÓN
626,SARDINE,SARDINA
627,SCUP,SCUP
628,SEA BASS,LUBINA
629,SEATROUT,TRUCHA DE MAR
630,SHAD,SÁBALO
631,SHARK,TIBURÓN
632,SHEEPSHEAD,CABEZA DE OVEJA
633,SMELT,EPERLANO
634,SNAPPER,PARGO
635,SPOT,LUGAR
636,STURGEON,ESTURIÓN
637,SUCKER,VENTOSA
638,SUNFISH,Pez luna
639,SWORDFISH,PEZ ESPADA
640,TILEFISH,TILULON
641,TROUT,TRUCHA
642,TUNA,ATÚN
643,TURBOT,RODABALLO
644,WHITEFISH,PESCADO BLANCO
645,WHITING,PESCADILLA
646,WOLFFISH,PEZ LOBO
647,YELLOWTAIL,COLA AMARILLA
648,CRAB,CANGREJO
649,CRAYFISH,CANGREJO DE RÍO
650,LOBSTER,LANGOSTA
651,SHRIMP,CAMARÓN
652,SPINY LOBSTER,LANGOSTA ESPINOSA
653,ABALONE,ABULÓN
654,CLAM,ALMEJA
655,CUTTLEFISH,CALAMAR
656,MUSSEL,MEJILLÓN
657,OCTOPUS,PULPO
658,OYSTER,OSTRA
659,SCALLOP,VIEIRA
660,SQUID,CALAMAR
661,WHELK,BUCCINO
662,CONCH,CONCHA
663,FISH,PEZ
664,BROADBEANS (FAVA BEANS),HABAS (HABAS)
665,BROADBEANS (FAVA BNS),HABAS (FAVA BNS)
666,CHICKPEAS (GARBANZO BNS,GARBANZOS (BNS GARBANZOS
667,CHICKPEAS ,GARBANZOS
668,CHILI WITH BEANS,CHILE CON FRIJOLES
669,HYACINTH BNS,JACINTO BNS
670,LUPINS,ALTRAMUCES
671,MOTHBEANS,FRIJOLES
672,NOODLES,FIDEOS
673,MUNGO BNS,MUNGO BNS
674,PEANUTS,MISERIA
675,PEANUT BUTTER,MANTEQUILLA DE MANÍ
676,PEANUT FLOUR,HARINA DE MANÍ
677,PIGEON PEAS (RED GM),GUISANTES (ROJOS GM)
678,REFRIED BNS,BNS REFRITOS
679,BACON,TOCINO
680,SOY FLOUR,HARINA DE SOJA
681,SOY FLR,SOJA FLR
682,SOY MEAL,HARINA DE SOJA
683,SOYMILK,LECHE DE SOJA
684,SOY PROT CONC,SOY PROT CONC
685,TOFU,TOFU
686,YARDLONG BNS,BNS DE UNA YARDA
687,HUMMUS,HUMMUS
688,FALAFEL,FALAFEL
689,PEANUT SPRD,CACAHUETE SPRD
690,ENSURE FIBER W/ FOS,ASEGURAR FIBRA CON FOS
691,MORI-NU,MORI-NU
692,MOR-NU,MOR-NU
693,FRIJOLES ROJOS VOLTEADOS (REFRIED BNS,FRIJOLES ROJOS VOLTEADOS
694,TEMPEH,TEMPEH
695,SOY PROT ISOLATE,AISLADO DE SOYA PROT
696,CAMPBELL SOUP CO.,SOPA CAMPBELL CO.
697,VITASOY USA,VITASOY USA
698,SOYMILK (ALL FLAVORS),LECHE DE SOJA (TODOS LOS SABORES)
699,SILK PLN,PLN DE SEDA
700,SILK VANILLA,VAINILLA DE SEDA
701,SILK CHOC,CHOCOLATE DE SEDA
702,SILK LT PLN,SEDA LT PLN
703,SILK LT VANILLA,SEDA LT VAINILLA
704,SILK LT CHOC,CHOCOLATE SILK LT
705,SILK PLUS OMEGA-3 DHA,SEDA PLUS OMEGA-3 DHA
706,SILK PLUS FOR BONE HEALTH,SILK PLUS PARA LA SALUD ÓSEA
707,SILK PLUS FIBER,SEDA MÁS FIBRA
708,SILK UNSWTND,SEDA DESCONECTADA
709,SILK VERY VANILLA,SEDA MUY VAINILLA
710,SILK NOG,NOG DE SEDA
711,SILK CHAI,CHAI DE SEDA
712,SILK MOCHA,MOCA DE SEDA
713,SILK COFFEE,CAFÉ DE SEDA
714,CHICKPEAS,GARBANZOS
715,PEANUT BUTTER W/ OMEGA-3,MANTEQUILLA DE MANÍ CON OMEGA-3
716,SOY SAU MADE FROM SOY&WHEAT (SHOYU),SOY SAU A PARTIR DE SOJA Y TRIGO (SHOYU)
717,LOMA LINDA LITTLE LINKS,LOMA LINDA PEQUEÑOS ENLACES
718,LOMA LINDA FRIED CHIK'N W/ GRAVY,POLLO FRITO LOMA LINDA CON SALSA
719,LOMA LINDA LOFAT BIG FRANKS,LOMA LINDA LOFAT GRANDES FRANCOS
720,LOMA LINDA DINNER CUTS,CORTES DE CENA LOMA LINDA
721,LOMA LINDA TENDER ROUNDS W/ GRAVY,LOMA LINDA TIERNAS REDONDAS CON SALSA
722,LOMA LINDA SWISS STAKE W/ GRAVY,LOMA LINDA JUGO SUIZO CON SALSA
723,LOMA LINDA VEGE-BURGER,HAMBURGUESA VEGETAL LOMA LINDA
724,LOMA LINDA REDI-BURGER,LOMA LINDA REDI-BURGER
725,LOMA LINDA TENDER BITS,BROCAS TIERNAS LOMA LINDA
726,LOMA LINDA LINKETTS,LOMA LINDA LINKETTS
727,WORTHINGTON CHILI,CHILE WORTHINGTON
728,WORTHINGTON CHOPLETS,CHULETAS WORTHINGTON
729,WORTHINGTON DICED CHIK,CHIK DADOS DE WORTHINGTON
730,WORTHINGTON FRICHIK,WORTHINGTON FRICHIK
731,WORTHINGTON LOFAT FRI CHIK,WORTHINGTON LOFAT VIE CHIK
732,WORTHINGTON LOFAT VEJA-LINKS,WORTHINGTON LOFAT VEJA-ENLACES
733,WORTHINGTON MULTIGRAIN CUTLETS,CHULETAS MULTICEREALES WORTHINGTON
734,WORTHINGTON PRIME STAKES,APUESTAS PREMIUM DE WORTHINGTON
735,WORTHINGTON SAUCETTES,SALSAS WORTHINGTON
736,WORTHINGTON SUPER LINKS,SÚPER ENLACES DE WORTHINGTON
737,WORTHINGTON TURKEE SLICES,REBANADAS DE PAVO WORTHINGTON
738,WORTHINGTON VEG SKALLOPS,ESCERINAS VEGETALES DE WORTHINGTON
739,WORTHINGTON VEG STEAKS,FILETES DE VEGETALES WORTHINGTON
740,WORTHINGTON VEGETARIAN BURGER,HAMBURGUESA VEGETARIANA WORTHINGTON
741,WORTHINGTON VEJA-LINKS,WORTHINGTON VEJA-ENLACES
742,WORTHINGTON CHIC-KETTS,CHIC-KETTS DE WORTHINGTON
743,WORTHINGTON MEATLESS CHICK,POLLO SIN CARNE WORTHINGTON
744,WORTHINGTON MEATLESS CORNED BF,WORTHINGTON CORNED SIN CARNE BF
745,WORTHINGTON DINNER RST,CENA DE WORTHINGTON PRIMERO
746,WORTHINGTON FRIPATS,FRIPATAS WORTHINGTON
747,WORTHINGTON PROSAGE LINKS,ENLACES DEL PROSAJE DE WORTHINGTON
748,WORTHINGTON PROSAGE ROLL,ROLLO DE PROSAGO DE WORTHINGTON
749,WORTHINGTON SMOKED TURKEY,PAVO AHUMADO WORTHINGTON
750,WORTHINGTON STAKELETS,ESTACAS DE WORTHINGTON
751,WORTHINGTON STRIPPLES,TIRA DE WORTHINGTON
752,WORTHINGTON WHAM,WORTHINGTON WHAM
753,MORNINGSTAR FARMS VEGGIE CORN DOGS W/ NAT INGR,MORNINGSTAR FARMS VEGGIE CORN DOGS CON NAT INGR
754,MORNINGSTAR FARMS BRKFST PATTIE MADE W/ ORG SOY,MORNINGSTAR FARMS BRKFST PATTIE HECHO CON SOJA ORGÁNICA
755,MORNINGSTAR FARMS OKARA PATTIES MADE W/ ORG SOY,MORNINGSTAR FARMS OKARA PATTIES HECHOS CON SOJA ORGÁNICA
756,MORNINGSTAR FARMS RSTD HERB CHIK'N W/ ORG SOY,MORNINGSTAR FARMS RSTD HERB CHIK'N CON SOJA ORGÁNICA
757,MORNINGSTAR FARMS VEGGIE BACON STRIPS,TIRAS DE TOCINO VEGETALES DE MORNINGSTAR FARMS
758,MORNINGSTAR FARMS VEGGIE BITES COUNTRY SCRAMBLE,MORNINGSTAR FARMS VEGGIE BITES COUNTRY SCRAMBLE
759,MORNINGSTAR FARMS VEGGIE BITES EGGS FLORENTINE,MORNINGSTAR FARMS VEGGIE BITES HUEVOS FLORENTINO
760,MORNINGSTAR FARMS VEGGIE SAUSAGE LINKS,ENLACES DE SALCHICHAS VEGETALES DE MORNINGSTAR FARMS
761,MORNINGSTAR FARMS CHEDDAR BURGER,HAMBURGUESA MORNINGSTAR FARMS CHEDDAR
762,MORNINGSTAR FARMS GRILLERS ORIGINAL,PARRILLAS MORNINGSTAR FARMS ORIGINALES
763,MORNINGSTAR FARMS GRILLERS PRIME,MORNINGSTAR FARMS PARRILLAS PRIME
764,MORNINGSTAR FARMS PHILLY CHEESESTEAK BURGER,HAMBURGUESA MORNINGSTAR FARMS PHILLY CHEESESTEAK
765,MORNINGSTAR FARMS ASIAN VEGGIE PATTIES,EMPANADAS VEGETALES ASIÁTICAS DE MORNINGSTAR FARMS
766,MORNINGSTAR FARMS MUSHROOM LOVER'S BURGER,HAMBURGUESA DE AMANTE DE SETAS DE MORNINGSTAR FARMS
767,MORNINGSTAR FARMS TOMATO & BASIL PIZZA BURGER,HAMBURGUESA DE PIZZA DE TOMATE Y ALBAHACA DE MORNINGSTAR FARMS
768,MORNINGSTAR FARMS MEATFREE BUFFALO WINGS,MORNINGSTAR FARMS ALAS DE BÚFALO SIN CARNE
769,MORNINGSTAR FARMS CHIK'N NUGGETS,MORNINGSTAR FARMS CHIK'N NUGGETS
770,MORNINGSTAR FARMS CHIK PATTIES ORIGINAL,MORNINGSTAR FARMS CHIK PATTIES ORIGINALES
771,MORNINGSTAR FARMS ITALIAN HERB CHIK PATTIES,MORNINGSTAR FARMS EMPANADAS DE CHIK CON HIERBAS ITALIANAS
772,MORNINGSTAR FARMS ORIGINAL CHIK'N TENDERS,MORNINGSTAR FARMS CHIK'N TENDERS ORIGINALES
773,MORNINGSTAR FARMS MEATLESS CORN DOGS,PERRITOS DE MAÍZ SIN CARNE DE MORNINGSTAR FARMS
774,MORNINGSTAR FARMS MEATLESS MINI CORN DOGS,MINI PERRITOS DE MAÍZ SIN CARNE DE MORNINGSTAR FARMS
775,MORNINGSTAR FARMS MEAL STARTERS CHIK'N STRIPS,MORNINGSTAR FARMS MEAL ENTRANTES TIRAS DE CHIK'N
776,MORNINGSTAR FARMS MEAL STARTERS STEAK STRIPS,MORNINGSTAR FARMS COMIDA ENTRANTE TIRAS DE BISTE
777,MORNINGSTAR FARMS SAUSAGE STYLE RECIPE CRUMBLES,MORNINGSTAR FARMS RECETA AL ESTILO DE SALCHICHA DESMORONADA
778,MORNINGSTAR FARMS VEGGIE BITES BROCCOLI CHEDDAR,MORNINGSTAR FARMS VEGGIE BITES BRÓCOLI CHEDDAR
779,MORNINGSTAR FARMS VEGGIE BITES SPINACH ARTICHOKE,MORNINGSTAR FARMS VEGGIE BITES ESPINACAS ALCACHOFA
780,MORNINGSTAR FARMS VEGGIE CAKES GINGER TERIYAKI,MORNINGSTAR FARMS TARTAS VEGETALES TERIYAKI DE JENGIBRE
781,MORNINGSTAR FARMS VEGGIE CAKES SOUTHWESTERN STYLE,TARTAS DE VEGETALES DE MORNINGSTAR FARMS AL ESTILO SUROESTE
782,LAMB,CORDERO
783,VEAL,TERNERA
784,GAME MEAT,CARNE DE CAZA
785,BISON,BISONTE
786,GOAT,CABRA
787,GAME MEAT BISON,BISONTE DE CARNE DE CAZA
788,BAGEL,ROSQUILLA
789,BAGELS,BAGELS
790,BISCUITS,GALLETAS
791,BISCUIT,GALLETA
792,BREAD,PAN DE MOLDE
793,BREAD CRUMBS,MIGAS DE PAN
794,BREAD STICKS,PALITOS DE PAN
795,BREAD STUFFING,RELLENO DE PAN
796,CAKE,PASTEL
797,COFFEECAKE,PASTEL DE CAFÉ
798,Cake,Pastel
799,CHEESECAKE PREP FROM MIX,PREPARACIÓN DE PASTEL DE QUESO DE LA MEZCLA
800,COOKIES,GALLETAS
801,PUFF PASTRY,HOJALDRE
802,CRACKERS,GALLETAS
803,CREAM PUFFS,BOLITAS DE CREMA
804,CROISSANTS,croissants
805,CROUTONS,CRUTONS
806,DANISH PASTRY,PASTELES DANESES
807,Doughnuts,donas
808,DOUGHNUTS,DONAS
809,ECLAIRS,ECLAIRS
810,ENGLISH MUFFIN,PANQUE INGLES
811,ENGLISH,INGLÉS
812,ENGLISH MUFFINS,MAGDALENAS INGLESAS
813,FRENCH TOAST,TOSTADA FRANCESA
814,HUSH PUPPIES,CACHORROS SILENCIOSOS
815,ICE CRM CONES,CONOS ICE CRM
816,MUFFINS,MAGDALENAS
817,Pancakes plain,Panqueques simples
818,PANCAKES,PANQUEQUES
819,PIE,TARTA
820,PIE CRUST,BORDE DE LA TARTA
821,POPOVERS,POPOVER
822,ROLLS,ROLLOS
823,STRUDEL,STRUDEL
824,SWEET ROLLS,ROLLOS DULCES
825,TACO SHELLS,TORTILLAS PARA TACOS
826,TOASTER PASTRIES,PASTELES TOSTADORES
827,TORTILLAS,TORTILLAS
828,WAFFLES,GOFRES
829,LEAVENING AGENTS,AGENTES LEUDANTES
830,BREAKFAST TART,TARTA DE DESAYUNO
831,KELLOGG,KELLOGG
832,KELLOGG'S POP-TARTS PASTRY SWIRLS,REMOLINOS DE PASTELERÍA POP-TARTS DE KELLOGG'S
833,ARCHWAY HOME STYLE COOKIES,GALLETAS DE ESTILO ARCHWAY HOME
834,ARCHWAY Home Style Cookies,Galletas caseras ARCHWAY
835,ARTIFICIAL BLUEBERRY MUFFIN MIX,MEZCLA ARTIFICIAL PARA MUFFIN DE ARÁNDANO
836,KRAFT,KRAFT
837,GENERAL MILLS,MOLINOS GENERALES
838,GEORGE WESTON BAKER,GEORGE WESTON BAKER
839,KEEBLER,KEEBLER
840,CONTINEN MILL,MOLINO CONTINENTE
841,MCKEE BAKING,HORNEAR MCKEE
842,MARTHA WHITE FOODS,MARTHA ALIMENTOS BLANCOS
843,MISSION FOODS,ALIMENTOS DE LA MISIÓN
844,NABISCO,NABISCO
845,PEPPERIDGE FARM CLASSIC STYLE CROUTONS,PEPPERIDGE FARM CRUTON AL ESTILO CLÁSICO
846,PEPPERIDGE FARM CRUSTY ITALIAN BREAD,PAN ITALIANO CRUJIENTE DE GRANJA DE PIMIENTA
847,PEPPERIDGE FARM APPL TURNOVERS,PEPPERIDGE FARM APPL VOLANTES
848,PILLSBURY,PILLSBURY
849,PILLSBURY GRANDS,GRANDES PILLSBURY
850,PILLSBURY GOLDEN LAYER BTTRMLK BISCUIT,GALLETA PILLSBURY GOLDEN LAYER BTTRMLK
851,KRAFT FOODS,KRAFT FOODS
852,GEORGE WESTON BAKERIES,PANADERÍAS GEORGE WESTON
853,HEINZ,HEINZ
854,INTERSTATE BRANDS CORP,CORPORACIÓN INTERESTATAL DE MARCAS
855,Crackers,galletas saladas
856,WAFFLE,GOFRE
857,MUFFIN,MOLLETE
858,BEEF JERKY,CARNE SECA
859,CORN-BASED,A BASE DE MAÍZ
860,CORNNUTS,MAÍCES
861,CRISPED RICE BAR,BARRA DE ARROZ CRUJIENTE
862,FRUIT LEATHER,CUERO FRUTA
863,GRANOLA BARS,BARRAS DE GRANOLA
864,ORIENTAL MIX,MEZCLA ORIENTAL
865,DOO DADS SNACK MIX,MEZCLA DE BOCADILLOS DOO PARA PAPÁS
866,SNACKS,APERITIVOS
867,POPCORN,PALOMITAS
868,PORK SKINS,PIELES DE CERDO
869,POTATO CHIPS,PATATAS FRITAS
870,PRETZELS,PRETZELS
871,RICE CAKES,PASTELES DE ARROZ
872,TORTILLA CHIPS,PATATAS FRITAS
873,Snacks,Aperitivos
874,TRAIL MIX,MEZCLA DE FRUTOS SECOS
875,CANDIES,DULCES
876,BAKING CHOC,CHOCOLATE PARA HORNEAR
877,ICE CREAMS,HELADOS
878,DESSERTS,POSTRES
879,SHERBET,SORBETE
880,SYRUPS,JARABES
881,PUDDINGS,PUDINES
882,TOPPINGS,COBERTURAS
883,COCOA,CACAO
884,EGG CUSTARDS,NATILLAS DE HUEVO
885,GELATIN DSSRT,GELATINA DSSRT
886,GELATINS,GELATINAS
887,FLAN,FLAN
888,RENNIN,RENNIN
889,FROZEN NOVELTIES,NOVEDADES CONGELADOS
890,FROSTINGS,GLASEADOS
891,FROZEN YOGURTS,YOGURES CONGELADOS
892,FRUIT BUTTERS,MANTEQUILLAS DE FRUTAS
893,MARMALADE,MERMELADA
894,PECTIN,PECTINA
895,PIE FILLINGS,RELLENOS DE PASTELES
896,PUDDING,PUDÍN
897,SUGARS,AZÚCARES
898,SWEETENERS,EDULCORANTES
899,FROSTING,CREMA
900,SNACK,BOCADILLO
901,SESAME STKS,PASTILLAS DE SÉSAMO
902,CHEESE PUFFS&TWISTS,BOLITAS Y TWISTS DE QUESO
903,JAMS&PRESERVES,CONSERVAS Y CONSERVAS
904,CORN CAKES,PASTELES DE MAÍZ
905,FROZ NOVELTIES,NOVEDADES FROZ
906,FRZ NVL,FRZ NVL
907,FROZEN NOVL,NOVIEMBRE CONGELADO
908,AMARANTH,AMARANTO
909,AMARANTH GRAIN,GRANO DE AMARANTO
910,BARLEY,CEBADA
911,BUCKWHEAT GROATS,GRANOS DE ALFORFA
912,BUCKWHEAT FLR,FLR ALFORFA
913,BULGUR,BULGUR
914,CORN BRAN,SALVADO DE MAÍZ
915,CORN FLR,MAÍZ FLR
916,CORNMEAL,HARINA DE MAÍZ
917,COUSCOUS,CUSCÚS
918,HOMINY,MAÍZ MOLIDO
919,MILLET,MIJO
920,OAT BRAN,SALVADO DE AVENA
921,QUINOA,QUINUA
922,RICE,ARROZ
923,RICE BRAN,SALVADO DE ARROZ
924,RICE FLOUR,HARINA DE ARROZ
925,RYE FLOUR,HARINA DE CENTENO
926,SEMOLINA,SÉMOLA
927,TAPIOCA,TAPIOCA
928,TRITICALE FLR,TRITICALE FLR
929,WHEAT,TRIGO
930,WHEAT BRAN,SALVADO DE TRIGO
931,WHEAT GERM,GERMEN DE TRIGO
932,WHEAT FLOUR,HARINA DE TRIGO
933,WHEAT FLR,TRIGO FLR
934,WILD RICE,ARROZ SALVAJE
935,PASTA,PASTA
936,MACARONI,MACARRONES
937,SPAGHETTI,ESPAGUETIS
938,WHEAT FLOURS,HARINAS DE TRIGO
939,OAT FLR,AVENA FLR
940,RICE NOODLES,FIDEOS DE ARROZ
941,KAMUT,KAMUT
942,SPELT,ESPELTA
943,TEFF,TEFF
944,FAST FOODS,COMIDAS RÁPIDAS
945,BREAKFAST ITEMS,ARTÍCULOS DE DESAYUNO
946,ENTREES,ENTRADAS
947,FST FOODS,ALIMENTOS PRINCIPALES
948,SANDWICHES&BURGERS,SANDWICHES Y HAMBURGUESAS
949,SIDE DISHES,GUARNICIONES
950,BURGER KING,EL REY DE LAS HAMBURGUESAS
951,PIZZA,PIZZA
952,McDONALD'S,McDONALD´S
953,MCDONALD'S,MCDONALD´S
954,WENDY'S,WENDY'S
955,Burger king,rey de las hamburguesas
956,TACO BELL,TACO BELL
957,PIZZA HUT 12 CHS PIZZA,PIZZA HUT 12 CHS PIZZA
958,PIZZA HUT 12 PEPPERONI PIZZA,PIZZA HUT PIZZA DE PEPPERONI DE 12
959,PIZZA HUT 12 SUPER SUPREME PIZZA,PIZZA HUT 12 SUPER SUPREMA PIZZA
960,DOMINO'S 14 Cheese Pizza,Pizza de queso DOMINO'S de 14
961,DOMINO'S 14 Pepperoni Pizza,DOMINO'S Pizza de pepperoni de 14
962,PAPA JOHN'S 14 CHS PIZZA,PIZZA CHS DE 14 PAPA JOHN'S
963,PAPA JOHN'S 14 PEPPERONI PIZZA,PIZZA DE PEPPERONI DE 14 DE PAPA JOHN'S
964,PAPA JOHN'S 14 THE WORKS PIZZA,PAPA JOHN'S 14 THE WORKS PIZZA
965,LITTLE CAESARS 14 ORIGINAL RND CHS PIZZA,LITTLE CAESARS 14 ORIGINAL RND CHS PIZZA
966,LITTLE CAESARS 14 ORIGINAL RND PEPPERONI PIZZA,LITTLE CAESARS 14 ORIGINAL RND PEPPERONI PIZZA
967,LITTLE CAESARS 14 ORIGINAL RND MEAT & VEG PIZZA,LITTLE CAESARS 14 ORIGINAL RND PIZZA DE CARNE Y VERDURAS
968,LITTLE CAESARS 14 CHS PIZZA,LITTLE CAESARS 14 CHS PIZZA
969,LITTLE CAESARS 14 PEPPERONI PIZZA,LITTLE CAESARS PIZZA DE PEPPERONI DE 14
970,PIZZA HUT 14 CHS PIZZA,PIZZA HUT 14 CHS PIZZA
971,PIZZA HUT 14 PEPPERONI PIZZA,PIZZA HUT PIZZA DE PEPPERONI DE 14
972,PIZZA HUT 14 SUPER SUPREME PIZZA,PIZZA HUT 14 PIZZA SÚPER SUPREMA
973,FST FD,FST FD
974,FAST FD,FD RÁPIDO
975,Egg,Huevo
976,FT FDS,FT FDS
977,FAST FDS,FDS RÁPIDO
978,LIGHT ICE CRM,CRM DE HIELO LIGERO
979,POPEYES,POPEYES
980,KENTUCKY FRIED CHICK,POLLO FRITO DE KENTUCKY
981,KRAFT MACARONI & CHEESE DINNER ORIGINAL FLAVOR,KRAFT MACARONI & CHEESE CENA SABOR ORIGINAL
982,MORNINGSTAR FARMS GARDEN VEGGIE PATTIES,EMPANADAS DE VEGETALES DE JARDÍN DE MORNINGSTAR FARMS
983,MORNINGSTAR FARMS AMERICA'S ORIGINAL VEGGIE DOG,EL PERRO VEGGIE ORIGINAL DE MORNINGSTAR FARMS AMERICA
984,MORNINGSTAR FARMS GRILLERS RECIPE CRUMBLES,MORNINGSTAR FARMS GRILLERS RECETA MÁGRIMAS
985,MORNINGSTAR FARMS GRILLERS VEGAN,MORNINGSTAR FARMS PARRILLAS VEGANAS
986,MORNINGSTAR FARMS VEGGIE SAUSAGE PATTIES,EMPANADAS DE SALCHICHA VEGETARIANA MORNINGSTAR FARMS
987,MORNINGSTAR FARMS SPICY BLACK BEAN BURGER,HAMBURGUESA DE FRIJOLES NEGROS PICANTES DE MORNINGSTAR FARMS
988,GREEN GIANT,GIGANTE VERDE
989,LOMA LINDA BIG FRANKS,LOMA LINDA GRANDES FRANCOS
990,MORNINGSTAR FARMS VEGAN BURGER MADE W/ ORG SOY,HAMBURGUESA VEGANA MORNINGSTAR FARMS HECHA CON SOYA ORGÁNICA
991,NESTLE,HACERSE UN NIDO
992,Macaroni and Cheese,Macarrones con queso
993,JIMMY DEAN,JIMMY DEAN
994,SPAGHETTI W/ MEAT SAU,ESPAGUETIS CON CARNE SAU
995,HEALTHY CHOIC BF MACARONI,ELECCIÓN SALUDABLE BF MACARRONES
996,NALLEY CHILI CON CARNE W/BNS,NALLEY CHILI CON CARNE CON BNS
997,OLD EL PASO CHILI W/BNS,CHILE EL PASO VIEJO C/BNS
998,CHEF BOYARDEE BF RAVIOLI IN TOMATO & MEAT SAU,CHEF BOYARDEE BF RAVIOLI EN TOMATE Y CARNE SAU
999,CHEF BOYARDEE BEEFARONI,CHEF BOYARDEE BEEFARONI
1000,CHEF BOYARDEE MINI RAVIOLI,CHEF BOYARDEE MINI RAVIOLI
1001,CHEF BOYARDEE SPAGHETTI & MEATBALLS IN TOMATO SAU,CHEF BOYARDEE ESPAGUETIS Y ALBONDIGAS EN TOMATE SAU
1002,PASTA W/SLICED FRANKS IN TOMATO SAU,PASTA C/FRANCAS REBANADAS EN TOMATE SAU
1003,BANQUET CHICK POT PIE,BANQUETE DE POLLO POT PIE
1004,MARIE CALLENDER'S CHICK POT PIE,PASTEL DE POLLO DE MARIE CALLENDER
1005,STOUFFER'S CHICK PIE,PASTEL DE POLLO DE STOUFFER
1006,TURKEY POT PIE,CAZUELA DE PAVO
1007,BEEF POT PIE,PIE DE CARNE DE RES
1008,HOT POCKETS,BOLSILLOS CALIENTES
1009,HOT POCKETS HAM 'N CHS STUFFED SNDWCH,SNDWCH HOT POCKETS JAMÓN 'N CHS RELLENO
1010,RED BARON PREMIUM POCKETS,BOLSILLOS PREMIUM RED BARON
1011,STOUFFER'S STUFFED PEPPERS W/ BF IN TOMATO SAU,PIMIENTOS RELLENOS STOUFFER'S CON BF EN TOMATE SAU
1012,STOUFFER'S LASAGNA W/ MEAT & SAU,LASAÑA STOUFFER'S CON CARNE Y SAU
1013,BANQUET ORIG FRIED CHK THIGH,MUSLO CHK FRITO ORIG BANQUET
1014,STOUFFER'S LN CUISINE SPAGHETTI W/ MEATBALLS & SAU,STOUFFER'S LN CUISINE SPAGHETTI CON ALBÓNDIGAS Y SAU
1015,STOUFFER'S LN CUISINE SWEDISH MEATBALLS W/ PASTE,STOUFFER'S LN CUISINE ALBÓNDIGAS SUECAS CON PASTA
1016,STOUFFER'S LN CUISINE MACARONI & BF IN TOMATO SAU,STOUFFER'S LN COCINA MACARRONES Y BF EN TOMATE SAU
1017,STOUFFER'S LN CUISINE CHICK & VEG W/ VERMICELLI,STOUFFER'S LN COCINA POLLO Y VERDURAS CON VERMICELLI
1018,STOUFFER'S LN CUISINE HS BF POT RST W/ WHIPPED POTATOES,STOUFFER'S LN COCINA HS BF POT RST CON PATATAS BATIDAS
1019,STOUFFER'S CRMD CHIPPED BF,BF CHIPPED CRMD DE STOUFFER
1020,STOUFFER'S LN CUISINE SPAGHETTI W/ MEAT SAU,STOUFFER'S LN CUISINE SPAGHETTI CON CARNE SAU
1021,STOUFFER'S LN CUISINE ORIENTAL BF W/ VEG & RICE,STOUFFER'S LN COCINA ORIENTAL BF CON VERDURAS Y ARROZ
1022,STOUFFER'S HOMESTYLE SALISBURY STEAK IN GRAVY & MAC& CHS,STOUFFER'S ESTILO CASERO SALISBURY STEAK EN SALSA Y MAC&CHS
1023,PATIO BF & BEAN BURRITO,PATIO BF Y BURRITO DE FRIJOLES
1024,STOUFFER'S LN CUISINE HS STUFF CAB W/ MEAT SAU&WHPED POT,STOUFFER'S LN CUISINE HS STUFF CAB CON CARNE SALTEADA Y OLLA BATIDA
1025,HEALTHY CHOIC CHICK TERIYAKI W/RICE MEDLEY BROCCOLI,SALUDABLE CHOIC CHICK TERIYAKI CON ARROZ MEDLEY BROCCOLI
1026,HC CHK ENCHI SUPMA IN GRN CHILI SAU,HC CHK ENCHI SUPMA EN GRN CHILI SAU
1027,CINNAMON SWIRL FRENCH TOAST W/SAUSAGE,TOSTADA FRANCESA DE REMOLINO DE CANELA CON SALCHICHA
1028,SCRAMBLED EGGS&SAUSAGE W/HASHED BROWN POTATOES,HUEVOS REVUELTOS Y SALCHICHA CON PATATAS MARRONES PICADAS
1029,THE BUDGET GOURMET,EL GOURMET ECONÓMICO
1030,BANQUET TKY & GRY W/DRESS ,BANQUET TKY & GRY CON VESTIDO
1031,SMART ONES,INTELIGENTES
1032,MARIE CALLENDER'S BF STROGANOFF & NOODLES,BF STROGANOFF Y FIDEOS DE MARIE CALLENDER
1033,BREAKFAST BURRITO,BURRITO DE DESAYUNO
1034,TYSON CHICK FAJITA KIT,KIT FAJITA DE POLLO TYSON
1035,BANQUET HEARTY ONE STK DIN,BANQUETE HEARTY ONE STK DIN
1036,KID CUISINE CHK NUG,COCINA PARA NIÑOS CHK NUG
1037,BANQUET SLCED BF W/GRY,BANQUETE SLCED BF C/GRIS
1038,HORMEL CORNED BF HASH,HORMEL CORNED BF HASH
1039,BETTY CROCKER,BETTY CROCKER
1040,HODGSON MILL,MOLINO HODGSON
1041,LIPTON,LIPTON
1042,HORMEL CHILI,CHILE HORMEL
1043,HORMEL TURKEY CHILI W/BNS,CHILE DE PAVO HORMEL CON BNS
1044,FREEZER QUEEN GRAVY&SLICED BF MEAL,CONGELADOR QUEEN GRAVY Y COMIDA BF EN REBANADAS
1045,BANQUET GRY & SALURY STK W/ MSHD POT & CORN IN SEASONSAU,BANQUET GRY & SALURY STK W/ MSHD POT & CORN IN SEASONSAU
1046,HEALTHY CHOIC MESQ CHK BBQ,CHOIC SALUDABLE MESQ CHK BARBACOA
1047,STAGG DYNAMITE CHILI W/BNS,STAGG DYNAMITE CHILI CON BNS
1048,STAGG RANCHHOUSE CHILI W/BNS,STAGG RANCHHOUSE CHILI CON BNS
1049,STAGG CLASSIC CHILI W/BNS,CHILE CLÁSICO STAGG CON BNS
1050,STAGG COUNTRY CHILI W/BNS,STAGG COUNTRY CHILI CON BNS
1051,STAGG SILVERADO CHILI W/BNS,STAGG SILVERADO CHILI CON BNS
1052,HORMEL CHILI W/BNS,CHILE HORMEL C/BNS
1053,HORMEL VEGETARIAN CHILI W/BNS,CHILE VEGETARIANO HORMEL C/BNS
1054,HORMEL RST BF HASH,HORMEL RST BF HASH
1055,TORTELLINI,TORTELLINI
1056,CHILI CON CARNE W/BNS,CHILI CON CARNE CON BNS
1057,BEEF STEW,ESTOFADO DE CARNE
1058,CHICKEN POT PIE,PASTEL DE POLLO
1059,PASTA W/MEATBALLS IN TOMATO SAU,PASTA CON ALBÓNDIGAS AL TOMATE SAU
1060,LASAGNA,LASAÑA
1061,CHILI,CHILE
1062,LASAGNA W/ MEAT & SAU,LASAÑA CON CARNE Y SAU
1063,BURRITO,BURRITO
1064,HC TRADITION MT LF W/BRN SAU,HC TRADITION MT LF W/BRN SAU
1065,HC SALBRY STK W/MSHRM GRVY,HC SALBRY STK CON MSHRM GRVY
1066,HC CONTRY RSTD TKY W/CRANBERRY APPL SAU,HC CONTRY RSTD TKY W/CRANBERRY APPL SAU
1067,HC MESQ BF W/BBQ SAU,HC MESQ BF CON BARBACOA SAU
1068,MARIE CALLENDER TKY W/GRY & DRSNG W/ MSHD POT,MARIE CALLENDER TKY CON GRY Y DRSNG CON BOTE MSHD
1069,WEIGHT WATCHERS SMART ONES,OBSERVADORES DE PESO INTELIGENTES
1070,MORNINGSTAR FARMS VEGGIE MEDLEY W/ ORG SOY,MORNINGSTAR FARMS MEDLEY DE VEGETALES CON SOJA ORGÁNICA
1071,SPAGHETTIOS,ESPAGUETIS
1072,CAMPBELL ,CAMPBELL
1073,SUPPER BAKES MEAL KITS,CENA HORNEADOS KITS DE COMIDAS
1074,CAMPBELL SUPPER BAKES MEAL KITS,KITS DE COMIDA CAMPBELL CUPPER HORNEADOS
1075,EGG ROLLS,ROLLOS DE HUEVO
1076,TKY,TKY
1077,RICE BOWL W/ CHICK,BOUL DE ARROZ CON POLLO
1078,FORM BAR,BARRA DE FORMA
1079,FORM,FORMA
1080,Form Bar,barra de formulario
1081,Formulated bar,barra formulada
1082,CAMPBELL'S CHNKY,CHNKY DE CAMPBELL
1083,CAMPBELL SOUPS,SOPAS CAMPBELL
1084,CAMPBEL,CAMPBEL
1085,AGUTUK,AGUTUK
1086,BEAR,LLEVAR
1087,WHALE,BALLENA
1088,Whale,Ballena
1089,CARIBOU,CARIBU
1090,STEW/SOUP,ESTOFADO/SOPA
1091,CHITON,CHITONA
1092,CLOUDBERRIES,MORA DE LOS PANTANOS
1093,COCKLES,BERBERECHOS
1094,CRANBERRY,ARÁNDANO
1095,HUCKLEBERRIES,ARÁNDANOS
1096,STEW,GUISO
1097,MOOSE,ALCE
1098,MASHU ROOTS,RAÍCES DE MASHU
1099,MOUSE NUTS,TUERCAS DE RATÓN
1100,Seal,Sello
1101,SEAL,SELLO
1102,OOPAH (TUNICATE),OOPAH (TUNICADO)
1103,OWL,BÚHO
1104,SEA CUCUMBER,PEPINO DE MAR
1105,SOURDOCK,MADERA
1106,SQUIRREL,ARDILLA
1107,WALRUS,MORSA
1108,DEER (VENISON),CIERVO (VENADO)
1109,WILLOW,SAUCE
1110,MUSH,GACHAS
1111,MELON,MELÓN
1112,Mutton,Carne de cordero
1113,FRYBREAD,PAN FRITO
1114,TORTILLA,TORTILLA
1115,Fish,Pez
1116,SALMONBERRIES,BAYAS DE SALMÓN
1117,Elk,Alce
1118,ELK,ALCE
1119,Buffalo,Búfalo
1120,BUFFALO,BÚFALO
1121,CHOKECHERRIES,CEREZAS CHOQUE
1122,STEELHEAD TROUT,TRUCHA ACERO
1123,TENNIS BREAD,PAN DE TENIS
1124,AGAVE,AGAVE
1125,CATTAIL,totora
1126,PLAINS PRICKLYPEAR,TUNAS LLANAS
1127,PRAIRIE TURNIPS,NABO DE LA PRADERA
1128,ROSE HIPS,ESCARABAJOS
1129,PINON NUTS,TUERCAS DE PIÑON
1130,SEA LION,LEÓN MARINO
1131,FRUIT-FLAVORED DRK,DRK CON SABOR A FRUTAS
1132,FROZ NOVLT,FROZ NOVLT
1133,CREAMY DRSNG,BEBIDA CREMOSA
1134,IMITATION CHS,IMITACIÓN CHS
1135,TURKEY BACON,TOCINO DE PAVO
1136,MILK DSSRT,DSSRT DE LECHE
1137,WHIPPED TOPPING,COBERTURA BATIDA
1138,MAYONNAISE,MAYONESA
1139,GRANOLA BAR,BARRA DE GRANOLA
1140,CRMY DRSG,CRMY DRSG
1141,TURKEY&PORK SAUSAGE,SALCHICHA DE PAVO Y CERDO
1142,PORK SAUSAGE RICE LINKS,ENLACES DE ARROZ CON SALCHICHA DE CERDO
1143,RICE CAKE,TARTA DE ARROZ
1144,CHEESE PRODUCT,PRODUCTO DE QUESO
1145,BUTTER-MARGARINE BLEND,MEZCLA DE MANTEQUILLA Y MARGARINA
1146,SALAD DRESSING,ADEREZO PARA ENSALADAS
1147,JAMS & PRESERVES,MERMELADAS Y CONSERVAS
1148,CHEWING GUM,CHICLE
1149,FLUID REPLCMNT,REEMPLAZO DE LÍQUIDOS
1150,BEVERAGE,BEBIDA
1151,BREAKFAST BARS,BARRAS DE DESAYUNO
1152,VERMICELLI,FIDEOS
1153,FISH STICKS,PALITOS DE PESCADO
1154,LUNCHEON SLICES,REBANADAS DE ALMUERZO
1155,MEATBALLS,ALBÓNDIGAS
1156,BACON BITS,PEDACITOS DE TOCINO
1157,BUTTER REPLCMNT,REEMPLAZO DE MANTEQUILLA
1158,TOMATO SAU,TOMATE SAU
1159,WHIPPED CRM SUB,SUB CRM BATIDO
1160,EGGS,HUEVOS
1161,DOVE,PALOMA
1162,SOYBEAN,HABA DE SOJA
1163,TOMATO&VEG JUC,JUGO DE TOMATE Y VERDURAS
1164,CHOCOLATE-FLAVORED DRK,BEBIDA CON SABOR A CHOCOLATE
1165,APPLE CIDER-FLAVORED DRK,DRK CON SABOR A SIDRA DE MANZANA
1166,CRANBERRY JUC,JUGO DE ARÁNDANOS
1167,PALM HEARTS,CORAZONES DE PALMA
1168,BAKED BNS,BNS AL HORNO
1169,FROZEN NOVELITES,NOVELITAS CONGELADAS
1170,JELLYFISH,MEDUSA
1171,FROZEN NOVELT,NOVELA CONGELADA
1172,CEREAL RTE,LISTA DE CEREALES
1173,ENSURE PLUS,ASEGURAR MÁS
1174,BREAKFAST BAR,BARRA DE DESAYUNO
1175,MAYONNAISE DRSNG,DRESS MAYONESA
1176,CHEESE FOOD,COMIDA DE QUESO
1177,CELERY FLAKES,COPOS DE APIO
1178,JELLIES,JALEAS
1179,COCKTAIL MIX,MEZCLA DE CÓCTEL
1180,FRUIT-FLAVORED DRK MIX,MEZCLA DRK SABOR A FRUTAS
1181,FROG LEGS,PATAS DE RANA
1182,SNAIL,CARACOL
1183,TURTLE,TORTUGA
